trade_id,trader_id,trader_name,trade_date,entry_time,exit_time,exit_date,trading_session,asset,asset_class,trade_type,strategy,entry_price,exit_price,stop_loss,take_profit,quantity,risk_pct,reward_pct,profit_loss,fees,net_profit,trade_duration_min,win_loss,account_balance,max_drawdown_pct,risk_reward_ratio,emotional_state,trade_notes,data_source,entry_datetime,exit_datetime,price_outlier
TT-008828,TR-012,T. Bergman,2025-11-25,17:36:13,,,New York,ETH,Crypto,Sell,Scalping,1035.49461,,1043.71832,1024.88603,13.6792,1.0,1.291,,12.04,,,,11108.79,74.863,1.29,Neutral,"Setup failed, stop hit as planned.",synthetic,2025-11-25 17:36:13,,False
TT-005364,TR-007,D. Novak,2025-01-17,20:06:28,,,New York,EURUSD,Forex,Buy,Breakout,0.8198,,0.81812,0.82337,53636.921945,1.152,2.443,,5.28,,,,7766.79,73.135,2.12,Neutral,"Setup failed, stop hit as planned.",synthetic,2025-01-17 20:06:28,,False
TT-008005,TR-011,N. Haddad,2025-09-01,16:12:08,,,New York,BTC,Crypto,Buy,Trend Following,11662.25998,,11446.152,12422.96007,2.688908,0.862,3.034,,23.52,,,,66819.73,30.204,3.52,Anxious,Second-guessed the entry and exited into noise.,synthetic,2025-09-01 16:12:08,,False
TT-009113,TR-001,A. Kapoor,2025-12-26,19:00:04,,,New York,BTC,Crypto,Buy,Scalping,13379.769,,13280.67267,13514.54001,6.430693,0.897,1.22,,64.53,,,,71886.54,28.476,1.36,Confident,"Good execution, momentum confirmed the bias early.",synthetic,2025-12-26 19:00:04,,False
TT-005479,TR-006,K. Watanabe,2025-01-28,16:12:22,,,New York,EURUSD,Forex,Sell,Mean Reversion,0.80934,,0.8117,0.80522,295088.791591,1.516,2.653,,28.66,,,,46416.24,33.006,1.75,Confident,"Read the EURUSD structure well, scaled out at target.",synthetic,2025-01-28 16:12:22,,False
TT-006974,TR-008,R. Sharma,2025-06-04,16:34:26,,,New York,BTC,Crypto,Buy,Scalping,14260.54484,,14172.79875,14346.536,4.323175,1.152,1.129,,46.24,,,,32534.6,52.519,0.98,Neutral,"Setup failed, stop hit as planned.",synthetic,2025-06-04 16:34:26,,False
TT-002517,TR-010,P. Silva,2024-06-14,16:57:47,,,New York,US30,Index,Buy,Order Block (SMC),39988.04657,,39699.3297,40782.01797,0.201699,1.532,4.213,,1.61,,,,3717.46,70.541,2.75,Confident,Was too sure of the bias and ignored the opposing signal.,synthetic,2024-06-14 16:57:47,,False
TT-009891,TR-008,R. Sharma,2026-03-17,19:00:44,,,New York,NASDAQ,Index,Buy,Breakout,39114.46383,,38822.65043,39665.99116,1.559678,1.255,2.373,,13.42,,,,36055.38,64.176,1.89,Anxious,Second-guessed the entry and exited into noise.,synthetic,2026-03-17 19:00:44,,False
TT-001701,TR-007,D. Novak,2024-04-24,16:25:00,,,New York,GOLD,Commodity,Sell,Trend Following,2240.17525,,2252.45569,2211.93023,41.055616,2.192,5.042,,27.59,,,,23622.78,33.736,2.3,Neutral,"Standard trend following entry, nothing special. Target reached.",synthetic,2024-04-24 16:25:00,,False
TT-002957,TR-011,N. Haddad,2024-07-12,04:11:49,,,Asia,GOLD,Commodity,Sell,Scalping,2520.28718,,2523.23392,2516.95738,240.086503,1.348,1.524,,181.53,,,,53184.03,20.328,1.13,Disciplined,"Followed the plan exactly. Entry at level, stop below structure, target hit.",synthetic,2024-07-12 04:11:49,,False
TT-003997,TR-006,K. Watanabe,2024-09-30,05:02:19,,,Asia,EURUSD,Forex,Buy,Breakout,0.84571,,0.84294,0.85112,37316.849042,0.278,0.541,,3.79,,,,37512.24,20.642,1.95,Disciplined,"Clean breakout setup on EURUSD, waited for confirmation and let the target fill.",synthetic,2024-09-30 05:02:19,,False
TT-002267,TR-001,A. Kapoor,2024-05-30,20:19:27,,,New York,BTC,Crypto,Buy,Scalping,22886.05345,,22704.36066,23107.71865,2.074147,1.019,1.244,,35.6,,,,36553.35,27.574,1.22,Disciplined,"Plan followed, thesis invalidated. Acceptable loss, nothing to fix.",synthetic,2024-05-30 20:19:27,,False
TT-008785,TR-012,T. Bergman,2025-11-20,20:41:42,,,New York,EURUSD,Forex,Buy,News Trading,0.82207,,0.81835,0.833,38294.833454,1.377,4.048,,3.78,,,,10192.92,74.863,2.94,Neutral,"Choppy conditions on EURUSD, no follow-through.",synthetic,2025-11-20 20:41:42,,False
TT-002978,TR-004,J. Okafor,2024-07-15,09:58:27,,,London,ETH,Crypto,Sell,Order Block (SMC),977.37937,,1001.90782,906.9827,77.655235,1.47,4.219,,64.51,,,,127593.56,13.173,2.87,FOMO,"No setup, pure fear of missing out. Deserved loss.",synthetic,2024-07-15 09:58:27,,False
TT-001974,TR-006,K. Watanabe,2024-05-11,16:46:46,,,New York,BTC,Crypto,Buy,Mean Reversion,25826.56759,,25411.19043,26428.86448,1.130736,1.052,1.526,,21.9,,,,44148.99,12.239,1.45,,"Plan followed, thesis invalidated. Acceptable loss, nothing to fix.",synthetic,2024-05-11 16:46:46,,False
TT-001485,TR-007,D. Novak,2024-04-08,19:56:44,,,New York,NASDAQ,Index,Sell,Trend Following,17402.18574,,17525.9098,17125.04385,3.633725,2.647,5.93,,13.91,,,,16519.36,31.573,2.24,Greedy,Held past the invalidation hoping for more. Bad exit.,synthetic,2024-04-08 19:56:44,,False
TT-000829,TR-002,M. Chen,2024-02-29,08:48:12,,,London,GOLD,Commodity,Buy,Swing,2004.5379,,1989.0509,2067.1054,32.792978,1.893,7.648,,19.72,,,,26301.68,8.321,4.04,Greedy,Held past the invalidation hoping for more. Bad exit.,synthetic,2024-02-29 08:48:12,,False
TT-000586,TR-006,K. Watanabe,2024-02-14,06:01:50,,,Asia,ETH,Crypto,Sell,Breakout,2390.4088,,2482.04128,2113.67873,4.250091,1.091,3.295,,8.64,,,,35296.5,8.813,3.02,Confident,Was too sure of the bias and ignored the opposing signal.,synthetic,2024-02-14 06:01:50,,False
TT-000240,TR-005,L. Fernandez,2024-01-19,14:22:00,,,New York,EURUSD,Forex,Sell,Swing,1.10889,,1.11481,1.08258,38882.872368,2.519,11.209,,5.17,,,,8892.74,19.151,4.45,FOMO,Chased the EURUSD candle after the move was done. Immediate reversal.,synthetic,2024-01-19 14:22:00,,False
TT-006668,TR-009,E. Bauer,2025-05-09,06:08:42,,,Asia,ETH,Crypto,Buy,Trend Following,1361.22374,,1316.1137,1461.81912,2.321059,1.368,3.052,,2.69,,,,7543.77,75.889,2.23,Neutral,"Setup failed, stop hit as planned.",synthetic,2025-05-09 06:08:42,,False
TT-009510,TR-006,K. Watanabe,2026-02-06,04:06:36,,,Asia,EURUSD,Forex,Buy,Scalping,0.81146,,0.80964,0.81361,485990.292881,1.326,1.565,,47.32,,,,65820.61,33.006,1.18,Neutral,"Setup failed, stop hit as planned.",synthetic,2026-02-06 04:06:36,,False
TT-005335,TR-009,E. Bauer,2025-01-15,04:30:00,,,Asia,ETH,Crypto,Buy,Trend Following,1125.28697,,1048.36273,1299.905,0.784493,0.538,1.221,,0.75,,,,11375.92,65.132,2.27,Anxious,"Hesitated on entry, still worked but I left money on the table.",synthetic,2025-01-15 04:30:00,,False
TT-010043,TR-008,R. Sharma,2026-04-01,03:44:12,,,Asia,US30,Index,Sell,Breakout,59727.23943,,60050.0584,59010.5813,1.220848,0.948,2.104,,14.58,,,,42436.93,64.176,2.22,Disciplined,"Clean breakout setup on US30, waited for confirmation and let the target fill.",synthetic,2026-04-01 03:44:12,,False
TT-007368,TR-001,A. Kapoor,2025-07-04,10:22:03,,,London,EURUSD,Forex,Buy,Mean Reversion,0.90337,,0.90027,0.90749,306641.941877,1.382,1.839,,33.24,,,,69966.4,27.584,1.33,Confident,"Good execution, momentum confirmed the bias early.",synthetic,2025-07-04 10:22:03,,False
TT-006335,TR-008,R. Sharma,2025-04-10,11:13:38,,,London,BTC,Crypto,Buy,Trend Following,19946.27611,,19521.43166,21131.59213,1.066678,1.242,3.464,,15.96,,,,36032.54,52.519,2.79,Disciplined,"Valid trend following setup, market simply rejected the level. Stop respected.",synthetic,2025-04-10 11:13:38,,False
TT-001091,TR-011,N. Haddad,2024-03-18,13:45:32,,,New York,BTC,Crypto,Buy,Breakout,24255.40086,,23830.22689,25471.39839,1.107093,1.06,3.032,,20.14,,,,43902.39,19.516,2.86,Neutral,"Choppy conditions on BTC, no follow-through.",synthetic,2024-03-18 13:45:32,,False
TT-008255,TR-006,K. Watanabe,2025-09-25,01:54:15,,,Asia,ETH,Crypto,Buy,Trend Following,1561.58817,,1535.1359,1664.75205,15.483821,0.78,3.043,,20.55,,,,52063.53,33.006,3.9,Confident,Was too sure of the bias and ignored the opposing signal.,synthetic,2025-09-25 01:54:15,,False
TT-002237,TR-007,D. Novak,2024-05-29,09:56:09,,,London,NASDAQ,Index,Buy,Breakout,20634.07837,,20538.51172,20904.53199,4.702354,1.788,5.061,,21.35,,,,24656.87,33.736,2.83,FOMO,Chased the NASDAQ candle after the move was done. Immediate reversal.,synthetic,2024-05-29 09:56:09,,False
TT-007677,TR-003,S. Iyer,2025-07-31,04:10:39,,,Asia,NASDAQ,Index,Sell,Trend Following,38219.47123,,38454.56616,37288.4953,0.426807,1.982,7.848,,3.59,,,,5456.92,76.332,3.96,Disciplined,"Followed the plan exactly. Entry at level, stop below structure, target hit.",synthetic,2025-07-31 04:10:39,,False
TT-006490,TR-006,K. Watanabe,2025-04-25,17:41:02,,,New York,BTC,Crypto,Buy,Trend Following,16913.95236,,16605.87767,17696.46209,1.320046,0.998,2.535,,16.75,,,,40331.16,33.006,2.54,Neutral,"Setup failed, stop hit as planned.",synthetic,2025-04-25 17:41:02,,False
TT-002276,TR-005,L. Fernandez,2024-05-30,01:18:53,,,Asia,BTC,Crypto,Buy,Mean Reversion,22683.03069,,22314.92727,23058.49618,0.209461,2.419,2.468,,3.56,,,,3106.17,71.76,1.02,FOMO,"No setup, pure fear of missing out. Deserved loss.",synthetic,2024-05-30 01:18:53,,False
TT-001103,TR-005,L. Fernandez,2024-03-19,00:52:34,,,Asia,US30,Index,Sell,Scalping,38755.87313,,38814.07211,38687.78031,6.415219,3.769,4.41,,49.73,,,,9482.92,37.945,1.17,Greedy,Held past the invalidation hoping for more. Bad exit.,synthetic,2024-03-19 00:52:34,,False
TT-000802,TR-007,D. Novak,2024-02-27,15:11:03,,,New York,ETH,Crypto,Sell,Order Block (SMC),2439.83857,,2507.30599,2232.71359,9.729625,3.007,9.23,,20.18,,,,23114.83,10.035,3.07,Greedy,,synthetic,2024-02-27 15:11:03,,False
TT-005749,TR-009,E. Bauer,2025-02-18,10:01:25,,,London,EURUSD,Forex,Buy,Scalping,0.80796,,0.80724,0.80875,137917.518431,0.814,0.887,,13.37,,,,12132.88,65.132,1.09,Disciplined,"Valid scalping setup, market simply rejected the level. Stop respected.",synthetic,2025-02-18 10:01:25,,False
TT-000288,TR-004,J. Okafor,2024-01-24,09:25:16,,,London,US30,Index,Buy,Trend Following,39472.81378,,39310.95599,40023.13026,5.187247,0.868,2.951,,40.95,,,,95869.24,6.891,3.4,Disciplined,"Valid trend following setup, market simply rejected the level. Stop respected.",synthetic,2024-01-24 09:25:16,,False
TT-009086,TR-001,A. Kapoor,2025-12-24,13:18:37,,,New York,EURUSD,Forex,Buy,Scalping,0.81793,,0.81711,0.81902,943808.34528,1.061,1.411,,92.64,,,,73785.1,28.476,1.33,Confident,"Read the EURUSD structure well, scaled out at target.",synthetic,2025-12-24 13:18:37,,False
TT-004683,TR-012,T. Bergman,2024-11-21,14:03:18,,,New York,GOLD,Commodity,Sell,Trend Following,2348.08616,,2362.62313,2306.07433,6.326672,0.854,2.467,,4.46,,,,10678.71,67.721,2.89,Confident,Was too sure of the bias and ignored the opposing signal.,synthetic,2024-11-21 14:03:18,,False
TT-000625,TR-001,A. Kapoor,2024-02-16,10:27:40,,,London,EURUSD,Forex,Sell,Breakout,1.06917,,1.07163,1.06226,230286.889368,1.172,3.295,,29.55,,,,47674.76,7.972,2.81,Neutral,"Choppy conditions on EURUSD, no follow-through.",synthetic,2024-02-16 10:27:40,,False
TT-000591,TR-002,M. Chen,2024-02-15,02:18:58,,,Asia,BTC,Crypto,Sell,Breakout,29667.70904,,30035.73328,28828.61379,0.941047,1.215,2.77,,20.94,,,,28134.17,6.317,2.28,Disciplined,"Plan followed, thesis invalidated. Acceptable loss, nothing to fix.",synthetic,2024-02-15 02:18:58,,False
TT-003166,TR-001,A. Kapoor,2024-07-27,08:29:07,,,London,ETH,Crypto,Buy,Mean Reversion,854.58593,,823.6406,896.67159,14.077586,0.942,1.282,,10.23,,,,45775.77,27.584,1.36,Confident,"Overconfident after a winning run, skipped confirmation.",synthetic,2024-07-27 08:29:07,,False
TT-002356,TR-001,A. Kapoor,2024-06-05,11:50:53,,,London,GOLD,Commodity,Buy,News Trading,2264.41158,,2240.83094,2309.2148,11.632447,0.726,1.379,,7.9,,,,38293.84,27.574,1.9,Disciplined,"Followed the plan exactly. Entry at level, stop below structure, target hit.",synthetic,2024-06-05 11:50:53,,False
TT-010914,TR-008,R. Sharma,2026-06-27,11:11:44,,,London,BTC,Crypto,Buy,Breakout,28937.3866,,28246.08198,30306.16973,0.798009,1.304,2.581,,17.32,,,,43387.75,64.176,1.98,Anxious,"Took profit early out of nervousness, trade ran further without me.",synthetic,2026-06-27 11:11:44,,False
TT-010318,TR-003,S. Iyer,2026-04-29,10:33:51,,,London,NASDAQ,Index,Buy,Breakout,41330.76096,,40973.60166,42173.65692,0.119491,1.407,3.321,,1.09,,,,3075.0,81.636,2.36,Anxious,"Took profit early out of nervousness, trade ran further without me.",synthetic,2026-04-29 10:33:51,,False
TT-003781,TR-009,E. Bauer,2024-09-10,10:36:51,,,London,ETH,Crypto,Buy,Trend Following,1347.36631,,1279.14401,1554.07986,4.849082,1.498,4.539,,5.55,,,,21749.07,31.179,3.03,Disciplined,"Plan followed, thesis invalidated. Acceptable loss, nothing to fix.",synthetic,2024-09-10 10:36:51,,False
TT-004074,TR-012,T. Bergman,2024-10-06,08:17:17,,,London,ETH,Crypto,Buy,Swing,1528.30877,,1466.66485,1787.82966,2.353298,1.23,5.179,,3.06,,,,12352.0,62.088,4.21,Confident,"Good execution, momentum confirmed the bias early.",synthetic,2024-10-06 08:17:17,,False
TT-000862,TR-005,L. Fernandez,2024-03-04,02:50:18,,,Asia,BTC,Crypto,Buy,Trend Following,28030.36501,,27434.35971,30170.02405,0.29661,2.085,7.487,,6.24,,,,9105.11,37.945,3.59,Disciplined,"A+ setup. Risk sized correctly, no interference after entry.",synthetic,2024-03-04 02:50:18,,False
TT-008022,TR-006,K. Watanabe,2025-09-02,14:22:17,,,New York,BTC,Crypto,Buy,Breakout,11873.89918,,11683.06912,12366.24072,2.33447,0.95,2.45,,20.79,,,,46449.68,33.006,2.58,FOMO,"No setup, pure fear of missing out. Deserved loss.",synthetic,2025-09-02 14:22:17,,False
TT-010597,TR-012,T. Bergman,2026-05-25,06:39:59,,,Asia,NASDAQ,Index,Sell,Mean Reversion,40259.9231,,40593.76704,39809.23378,1.206123,3.162,4.269,,10.68,,,,12321.06,74.863,1.35,Revenge,Tried to recover the previous loss in one trade. Textbook tilt.,synthetic,2026-05-25 06:39:59,,False
TT-000790,TR-012,T. Bergman,2024-02-26,12:05:38,,,London,BTC,Crypto,Buy,Mean Reversion,29162.29155,,28631.02342,29932.63033,0.738264,1.552,2.25,,16.15,,,,25455.32,24.305,1.45,Neutral,"Standard mean reversion entry, nothing special. Target reached.",synthetic,2024-02-26 12:05:38,,False
TT-003383,TR-008,R. Sharma,2024-08-09,10:39:47,,,London,BTC,Crypto,Buy,Breakout,18113.40243,,17699.67445,18887.07375,1.438463,1.006,1.882,,19.54,,,,59816.67,34.122,1.87,Confident,"Read the BTC structure well, scaled out at target.",synthetic,2024-08-09 10:39:47,,False
TT-000257,TR-011,N. Haddad,2024-01-22,11:34:48,,,London,ETH,Crypto,Buy,Breakout,2279.13635,,2220.79694,2398.14875,17.628643,2.218,4.524,,34.15,,,,48414.57,6.282,2.04,FOMO,"Entered late without confirmation. Worked, but the process was wrong.",synthetic,2024-01-22 11:34:48,,False
TT-010061,TR-006,K. Watanabe,2026-04-02,03:04:41,,,Asia,US30,Index,Sell,News Trading,59973.86208,,60642.73032,58903.67291,1.606025,1.342,2.148,,19.26,,,,79210.67,33.006,1.6,FOMO,Chased the US30 candle after the move was done. Immediate reversal.,synthetic,2026-04-02 03:04:41,,False
TT-005283,TR-012,T. Bergman,2025-01-10,09:06:59,,,London,ETH,Crypto,Buy,Trend Following,1399.94726,,1328.34571,1587.54332,2.419596,1.735,4.547,,2.88,,,,9797.13,74.863,2.62,Disciplined,"Valid trend following setup, market simply rejected the level. Stop respected.",synthetic,2025-01-10 09:06:59,,False
TT-008293,TR-006,K. Watanabe,2025-10-01,01:51:31,,,Asia,EURUSD,Forex,Sell,Scalping,0.84759,,0.84875,0.84604,230793.972015,0.512,0.686,,23.47,,,,51919.21,33.006,1.34,Disciplined,EURUSD reversed on higher-timeframe supply. Good loss.,synthetic,2025-10-01 01:51:31,,False
TT-005022,TR-009,E. Bauer,2024-12-18,08:45:34,,,London,NASDAQ,Index,Buy,Trend Following,30231.02851,,29938.73171,31236.52952,0.188677,0.494,1.701,,1.25,,,,11098.14,63.903,3.44,Disciplined,NASDAQ reversed on higher-timeframe supply. Good loss.,synthetic,2024-12-18 08:45:34,,False
TT-005694,TR-009,E. Bauer,2025-02-13,13:39:00,,,New York,BTC,Crypto,Buy,Trend Following,24844.15822,,24465.33617,25935.16573,0.199245,0.673,1.94,,3.71,,,,11128.01,65.132,2.88,Neutral,"Setup failed, stop hit as planned.",synthetic,2025-02-13 13:39:00,,False
TT-010666,TR-003,S. Iyer,2026-06-01,15:22:14,,,New York,EURUSD,Forex,Sell,Scalping,0.80155,,0.80266,0.80062,46353.72255,1.637,1.375,,4.46,,,,3077.74,82.388,0.84,Neutral,"Choppy conditions on EURUSD, no follow-through.",synthetic,2026-06-01 15:22:14,,False
TT-004623,TR-012,T. Bergman,2024-11-16,02:40:00,,,Asia,BTC,Crypto,Sell,Trend Following,19448.02379,,20129.97723,17722.68159,0.057669,0.377,0.954,,0.84,,,,10527.69,67.721,2.53,Anxious,"Took profit early out of nervousness, trade ran further without me.",synthetic,2024-11-16 02:40:00,,False
TT-005755,TR-002,M. Chen,2025-02-19,08:00:18,,,London,NASDAQ,Index,Sell,Mean Reversion,32301.57671,,32552.46095,31882.60003,0.292864,0.337,0.562,,2.08,,,,21749.5,44.888,1.67,Anxious,"Cut the position early in fear, price later reached my target.",synthetic,2025-02-19 08:00:18,,False
TT-008364,TR-012,T. Bergman,2025-10-09,01:44:16,,,Asia,BTC,Crypto,Buy,Scalping,9914.62809,,9845.36034,9990.82262,2.705659,1.371,1.508,,20.12,,,,13859.12,74.863,1.1,Disciplined,"Clean scalping setup on BTC, waited for confirmation and let the target fill.",synthetic,2025-10-09 01:44:16,,False
TT-005218,TR-004,J. Okafor,2025-01-03,09:02:19,,,London,ETH,Crypto,Buy,Breakout,1603.35456,,1559.05297,1695.05885,29.625438,0.885,1.831,,40.38,,,,151022.07,13.522,2.07,Neutral,"Textbook execution, no emotion involved.",synthetic,2025-01-03 09:02:19,,False
TT-006495,TR-008,R. Sharma,2025-04-27,07:43:34,,,Asia,ETH,Crypto,Sell,News Trading,1103.80468,,1130.5347,1054.88874,10.462758,0.776,1.421,,9.82,,,,36564.28,52.519,1.83,Neutral,"Standard news trading entry, nothing special. Target reached.",synthetic,2025-04-27 07:43:34,,False
TT-010850,TR-004,J. Okafor,2026-06-23,08:33:42,,,London,BTC,Crypto,Buy,Scalping,27409.27732,,27133.43529,27652.01831,2.270024,0.25,0.22,,46.66,,,,299449.87,18.669,0.88,Neutral,"Textbook execution, no emotion involved.",synthetic,2026-06-23 08:33:42,,False
TT-009305,TR-006,K. Watanabe,2026-01-16,11:27:35,,,London,EURUSD,Forex,Sell,Breakout,79.833,,0.80233,0.78929,167198.768099,0.881,1.991,,16.02,,,,75536.85,33.006,2.26,Confident,Was too sure of the bias and ignored the opposing signal.,synthetic,2026-01-16 11:27:35,,True
TT-008618,TR-004,J. Okafor,2025-11-06,14:05:28,,,New York,US30,Index,Buy,Trend Following,64739.40756,,64354.47702,65901.89778,5.108409,0.888,2.683,,66.14,,,,220157.64,18.669,3.02,Anxious,"Cut the position early in fear, price later reached my target.",synthetic,2025-11-06 14:05:28,,False
TT-009029,TR-008,R. Sharma,2025-12-17,11:08:17,,,London,GOLD,Commodity,Buy,Mean Reversion,3124.61273,,3106.62335,3150.33756,14.852982,0.776,1.11,,13.92,,,,34149.88,64.176,1.43,Neutral,"Choppy conditions on GOLD, no follow-through.",synthetic,2025-12-17 11:08:17,,False
TT-004187,TR-009,E. Bauer,2024-10-15,16:21:43,,,New York,ETH,Crypto,Sell,Trend Following,1472.6644,,1540.47255,1248.89753,3.714067,1.449,4.782,,4.65,,,,17162.23,44.825,3.3,FOMO,"No setup, pure fear of missing out. Deserved loss.",synthetic,2024-10-15 16:21:43,,False
TT-003382,TR-008,R. Sharma,2024-08-09,17:13:12,,,New York,GOLD,Commodity,Sell,Trend Following,2413.29241,,2429.92461,2363.22947,15.726995,0.44,1.325,,11.39,,,,59132.98,34.122,3.01,Neutral,"Setup failed, stop hit as planned.",synthetic,2024-08-09 17:13:12,,False
TT-008362,TR-008,R. Sharma,2025-10-09,11:09:00,,,London,EURUSD,Forex,Sell,Breakout,0.84898,,0.85169,0.8437,105498.289753,0.975,1.901,,10.75,,,,29075.24,64.176,1.95,Neutral,"Choppy conditions on EURUSD, no follow-through.",synthetic,2025-10-09 11:09:00,,False
TT-007867,TR-012,T. Bergman,2025-08-17,15:54:46,,,New York,ETH,Crypto,Buy,Scalping,1941.86222,,1921.56659,1966.62288,6.010918,0.956,1.166,,9.92,,,,12899.21,74.863,1.22,Disciplined,"Clean scalping setup on ETH, waited for confirmation and let the target fill.",synthetic,2025-08-17 15:54:46,,False
TT-007785,TR-012,T. Bergman,2025-08-11,09:57:39,,,London,EURUSD,Forex,Sell,Trend Following,0.85848,,0.85978,0.85353,81243.805245,0.848,3.231,,8.37,,,,12841.77,74.863,3.81,Disciplined,"A+ setup. Risk sized correctly, no interference after entry.",synthetic,2025-08-11 09:57:39,,False
TT-004652,TR-009,E. Bauer,2024-11-19,11:29:07,,,London,BTC,Crypto,Buy,Mean Reversion,19059.23284,,18614.76578,19570.36996,0.43685,1.615,1.857,,6.24,,,,11825.63,60.581,1.15,FOMO,Chased the BTC candle after the move was done. Immediate reversal.,synthetic,2024-11-19 11:29:07,,False
TT-006426,TR-004,J. Okafor,2025-04-21,04:30:23,,,Asia,NASDAQ,Index,Sell,Mean Reversion,32702.69322,,32975.49797,32391.69581,6.719674,1.31,1.493,,48.35,,,,138099.1,18.669,1.14,Confident,Was too sure of the bias and ignored the opposing signal.,synthetic,2025-04-21 04:30:23,,False
TT-000013,TR-010,P. Silva,2024-01-01,16:13:09,,,New York,GOLD,Commodity,Buy,Swing,2116.40022,,2106.4925,2142.75475,19.747824,1.63,4.337,,12.54,,,,11791.8,1.735,2.66,Neutral,"Setup failed, stop hit as planned.",synthetic,2024-01-01 16:13:09,,False
TT-002842,TR-003,S. Iyer,2024-07-08,12:58:01,,,London,US30,Index,Buy,Scalping,40818.2781,,40737.58645,40926.40491,1.793525,1.828,2.449,,14.64,,,,7758.87,62.449,1.34,Confident,,synthetic,2024-07-08 12:58:01,,False
TT-007250,TR-007,D. Novak,2025-06-25,00:04:55,,,Asia,NASDAQ,Index,Buy,Swing,36076.91934,,35597.11575,38375.17855,0.109576,1.497,7.173,,0.87,,,,3457.52,88.646,4.79,Neutral,"Setup failed, stop hit as planned.",synthetic,2025-06-25 00:04:55,,False
TT-002360,TR-001,A. Kapoor,2024-06-05,08:17:19,,,London,GOLD,Commodity,Sell,News Trading,2275.16908,,2294.56897,2239.66729,18.368854,0.968,1.771,,12.54,,,,36459.31,27.584,1.83,Neutral,"Setup failed, stop hit as planned.",synthetic,2024-06-05 08:17:19,,False
TT-000827,TR-009,E. Bauer,2024-02-28,11:11:48,,,London,EURUSD,Forex,Sell,Trend Following,1.07362,,1.07837,1.05515,73299.768473,1.285,5.001,,9.44,,,,26711.4,14.348,3.89,Disciplined,EURUSD reversed on higher-timeframe supply. Good loss.,synthetic,2024-02-28 11:11:48,,False
TT-000335,TR-003,S. Iyer,2024-01-29,10:36:21,,,London,NASDAQ,Index,Sell,News Trading,15756.14542,,15874.68371,15444.38971,1.747859,1.513,3.979,,6.06,,,,13481.03,17.129,2.63,Disciplined,"Plan followed, thesis invalidated. Acceptable loss, nothing to fix.",synthetic,2024-01-29 10:36:21,,False
TT-005882,TR-004,J. Okafor,2025-03-02,13:29:19,,,New York,ETH,Crypto,Buy,Breakout,977.91324,,947.49776,1074.02615,42.553025,0.874,2.76,,35.37,,,,147582.18,13.522,3.16,Neutral,"Choppy conditions on ETH, no follow-through.",synthetic,2025-03-02 13:29:19,,False
TT-002043,TR-011,N. Haddad,2024-05-16,17:23:09,,,New York,US30,Index,Sell,Mean Reversion,42082.1444,,42459.01081,41633.67337,1.228536,0.839,0.999,,10.34,,,,55766.24,19.516,1.19,Confident,"Good execution, momentum confirmed the bias early.",synthetic,2024-05-16 17:23:09,,False
TT-008658,TR-012,T. Bergman,2025-11-08,18:40:40,,,New York,BTC,Crypto,Sell,Breakout,9687.88272,,9839.31021,9263.88576,0.626611,1.035,2.899,,4.55,,,,9124.98,74.863,2.8,Anxious,"Cut the position early in fear, price later reached my target.",synthetic,2025-11-08 18:40:40,,False
TT-006825,TR-007,D. Novak,2025-05-23,08:27:36,,,London,NASDAQ,Index,Sell,Swing,32804.07,,33424.91416,30432.43627,0.19925,2.533,9.675,,1.44,,,,5355.43,86.259,3.82,Confident,"Read the NASDAQ structure well, scaled out at target.",synthetic,2025-05-23 08:27:36,,False
TT-004563,TR-004,J. Okafor,2024-11-13,06:09:46,,,Asia,BTC,Crypto,Buy,Breakout,18041.25772,,17753.18281,18813.29849,1.11962,0.22,0.589,,15.15,,,,147582.58,13.522,2.68,Disciplined,"Followed the plan exactly. Entry at level, stop below structure, target hit.",synthetic,2024-11-13 06:09:46,,False
TT-009693,TR-002,M. Chen,2026-02-25,08:55:23,,,London,GOLD,Commodity,Sell,Swing,3304.24602,,3346.40381,3134.35011,2.011566,0.461,1.859,,1.99,,,,18296.69,44.888,4.03,Neutral,"Choppy conditions on GOLD, no follow-through.",synthetic,2026-02-25 08:55:23,,False
TT-008196,TR-001,A. Kapoor,2025-09-19,19:27:13,,,New York,NASDAQ,Index,Sell,Scalping,38819.99872,,38921.38644,38691.23631,1.289509,0.198,0.251,,11.01,,,,65888.77,27.584,1.27,Confident,"Overconfident after a winning run, skipped confirmation.",synthetic,2025-09-19 19:27:13,,False
TT-006884,TR-003,S. Iyer,2025-05-28,09:13:46,,,London,ETH,Crypto,Sell,Trend Following,1605.33107,,1642.89354,1486.25804,5.835902,3.841,12.177,,7.96,,,,6066.86,64.919,3.17,Revenge,Doubled size to make the loss back. Won — dangerous precedent.,synthetic,2025-05-28 09:13:46,,False
TT-008744,TR-012,T. Bergman,2025-11-17,08:38:58,,,London,US30,Index,Buy,Swing,65276.39448,,64793.35231,66991.19417,0.177104,0.858,3.045,,2.31,,,,9953.43,74.863,3.55,Neutral,"Choppy conditions on US30, no follow-through.",synthetic,2025-11-17 08:38:58,,False
TT-002054,TR-003,S. Iyer,2024-05-17,01:01:12,,,Asia,US30,Index,Buy,Swing,42031.5234,,41313.77296,44593.89248,0.241688,1.89,6.748,,2.03,,,,9002.07,62.449,3.57,Confident,"Overconfident after a winning run, skipped confirmation.",synthetic,2024-05-17 01:01:12,,False
TT-008509,TR-002,M. Chen,2025-10-27,01:18:40,,,Asia,NASDAQ,Index,Sell,Trend Following,40586.67232,,41404.79214,38328.66162,0.42185,1.424,3.931,,3.77,,,,23880.75,44.888,2.76,Neutral,"Choppy conditions on NASDAQ, no follow-through.",synthetic,2025-10-27 01:18:40,,False
TT-007006,TR-007,D. Novak,2025-06-06,17:23:14,,,New York,GOLD,Commodity,Buy,Scalping,2651.07078,,2644.38708,2659.89326,8.009609,1.208,1.594,,6.37,,,,4477.44,86.259,1.32,Disciplined,"Followed the plan exactly. Entry at level, stop below structure, target hit.",synthetic,2025-06-06 17:23:14,,False
TT-006401,TR-011,N. Haddad,2025-04-17,08:22:06,,,London,GOLD,Commodity,Sell,Trend Following,2544.77076,,2566.53261,2493.84804,48.822639,1.645,3.85,,37.27,,,,67031.36,22.665,2.34,Disciplined,"A+ setup. Risk sized correctly, no interference after entry.",synthetic,2025-04-17 08:22:06,,False
TT-003578,TR-011,N. Haddad,2024-08-21,08:05:48,,,London,BTC,Crypto,Buy,Breakout,16078.49655,,15696.35229,16777.82053,1.307761,1.067,1.953,,15.77,,,,47717.6,20.328,1.83,Anxious,"Took profit early out of nervousness, trade ran further without me.",synthetic,2024-08-21 08:05:48,,False
TT-002107,TR-011,N. Haddad,2024-05-20,18:58:35,,,New York,EURUSD,Forex,Sell,Swing,1.00206,,1.00896,0.97215,50617.344387,0.639,2.775,,6.09,,,,54317.78,19.516,4.34,FOMO,,synthetic,2024-05-20 18:58:35,,False
TT-006624,TR-002,M. Chen,2025-05-07,08:45:57,,,London,ETH,Crypto,Buy,Trend Following,1259.32371,,1227.107,1353.07433,6.838698,1.173,3.413,,7.32,,,,19417.94,44.888,2.91,Disciplined,"Clean trend following setup on ETH, waited for confirmation and let the target fill.",synthetic,2025-05-07 08:45:57,,False
TT-003275,TR-002,M. Chen,2024-08-03,06:20:01,,,Asia,ETH,Crypto,Buy,Swing,829.67917,,797.44451,979.57035,5.625462,1.09,5.067,,3.97,,,,17513.93,44.888,4.65,Confident,"Read the ETH structure well, scaled out at target.",synthetic,2024-08-03 06:20:01,,False
TT-009480,TR-002,M. Chen,2026-02-04,12:59:09,,,London,NASDAQ,Index,Buy,Order Block (SMC),37833.61386,,37559.30532,38563.27459,1.103346,1.742,4.634,,9.18,,,,18167.3,44.888,2.66,Neutral,"Standard order block (smc) entry, nothing special. Target reached.",synthetic,2026-02-04 12:59:09,,False
TT-010298,TR-002,M. Chen,2026-04-28,20:31:00,,,New York,EURUSD,Forex,Sell,Scalping,0.78077,,0.78143,0.78019,463325.351545,1.32,1.148,,43.41,,,,23514.51,44.888,0.87,Revenge,"Jumped straight back in after the previous loss. Recovered, pure luck.",synthetic,2026-04-28 20:31:00,,False
TT-006149,TR-001,A. Kapoor,2025-03-24,12:40:17,,,London,GOLD,Commodity,Sell,Swing,2379.84047,,2407.20697,2311.42423,16.24997,0.699,1.747,,11.6,,,,63181.3,27.584,2.5,Neutral,"Choppy conditions on GOLD, no follow-through.",synthetic,2025-03-24 12:40:17,,False
TT-003585,TR-007,D. Novak,2024-08-22,18:07:49,,,New York,NASDAQ,Index,Sell,Breakout,24972.80207,,25131.0702,24483.75354,1.414243,1.459,4.509,,7.77,,,,16021.99,48.807,3.09,Confident,"Good execution, momentum confirmed the bias early.",synthetic,2024-08-22 18:07:49,,False
TT-006853,TR-003,S. Iyer,2025-05-25,07:12:06,,,Asia,BTC,Crypto,Sell,Scalping,16928.18754,,17018.24297,16819.22048,1.464341,2.16,2.614,,18.59,,,,5954.16,63.398,1.21,Revenge,"Revenge trade straight after a loss. Size was reckless, no setup.",synthetic,2025-05-25 07:12:06,,False
TT-010423,TR-006,K. Watanabe,2026-05-07,09:34:55,,,London,BTC,Crypto,Buy,Breakout,24774.48325,,24445.11209,25617.6734,1.485689,0.801,2.05,,27.61,,,,62439.35,33.006,2.56,Disciplined,"A+ setup. Risk sized correctly, no interference after entry.",synthetic,2026-05-07 09:34:55,,False
TT-003588,TR-011,N. Haddad,2024-08-22,10:59:47,,,London,US30,Index,Sell,Order Block (SMC),40919.12072,,41047.31629,40515.30467,9.059728,2.354,7.414,,74.14,,,,48106.65,20.328,3.15,Confident,"Overconfident after a winning run, skipped confirmation.",synthetic,2024-08-22 10:59:47,,False
TT-006069,TR-002,M. Chen,2025-03-16,12:05:52,,,London,BTC,Crypto,Sell,Scalping,2422562.555,,24313.67102,24146.38461,2.780352,1.128,1.016,,50.52,,,,21399.15,44.888,0.9,Greedy,Oversized well beyond the risk plan and got punished.,synthetic,2025-03-16 12:05:52,,True
TT-007768,TR-011,N. Haddad,2025-08-08,11:06:06,,,London,US30,Index,Buy,Mean Reversion,62898.81364,,62596.03082,63231.87473,2.61299,1.127,1.239,,32.87,,,,69399.24,30.204,1.1,Confident,"Overconfident after a winning run, skipped confirmation.",synthetic,2025-08-08 11:06:06,,False
TT-004718,TR-006,K. Watanabe,2024-11-25,00:09:15,,,Asia,NASDAQ,Index,Buy,Breakout,28765.66316,,28500.79727,29509.93632,1.566018,1.198,3.367,,9.91,,,,35468.63,33.006,2.81,Confident,"Read the NASDAQ structure well, scaled out at target.",synthetic,2024-11-25 00:09:15,,False
TT-001293,TR-005,L. Fernandez,2024-03-28,03:21:24,,,Asia,NASDAQ,Index,Sell,Order Block (SMC),17370.86513,,17502.54644,17062.73085,1.799199,2.635,6.166,,6.88,,,,8871.07,37.945,2.34,FOMO,Chased the NASDAQ candle after the move was done. Immediate reversal.,synthetic,2024-03-28 03:21:24,,False
TT-004194,TR-003,S. Iyer,2024-10-16,10:22:26,,,London,US30,Index,Buy,Breakout,43164.74237,,42967.76943,43661.11417,0.858085,1.526,3.846,,7.41,,,,11000.33,62.449,2.52,Confident,Was too sure of the bias and ignored the opposing signal.,synthetic,2024-10-16 10:22:26,,False
TT-002955,TR-010,P. Silva,2024-07-12,20:04:36,,,New York,GOLD,Commodity,Buy,Breakout,2523.21702,,2510.46691,2550.37476,2.282469,1.052,2.241,,1.73,,,,2734.89,78.702,2.13,Anxious,"Cut the position early in fear, price later reached my target.",synthetic,2024-07-12 20:04:36,,False
TT-002309,TR-004,J. Okafor,2024-06-02,13:01:54,,,New York,ETH,Crypto,Sell,Order Block (SMC),961.01268,,974.68096,919.87116,71.889413,0.814,2.45,,58.72,,,,123614.06,13.173,3.01,Neutral,"Textbook execution, no emotion involved.",synthetic,2024-06-02 13:01:54,,False
TT-007727,TR-011,N. Haddad,2025-08-05,09:48:03,,,London,ETH,Crypto,Buy,Scalping,2088.74461,,2057.44367,2118.79351,19.503261,0.833,0.8,,34.63,,,,73028.63,30.204,0.96,Neutral,"Choppy conditions on ETH, no follow-through.",synthetic,2025-08-05 09:48:03,,False
TT-004558,TR-003,S. Iyer,2024-11-13,11:10:08,,,London,GOLD,Commodity,Buy,Breakout,2309.39666,,2294.98819,2336.05234,4.058778,0.572,1.058,,2.81,,,,10332.95,62.449,1.85,Revenge,"Jumped straight back in after the previous loss. Recovered, pure luck.",synthetic,2024-11-13 11:10:08,,False
TT-001938,TR-007,D. Novak,2024-05-08,12:25:56,,,London,BTC,Crypto,Buy,Breakout,25049.55195,,24689.28421,25788.10083,0.839381,1.115,2.285,,15.77,,,,26811.52,33.736,2.05,Anxious,Second-guessed the entry and exited into noise.,synthetic,2024-05-08 12:25:56,,False
TT-009393,TR-006,K. Watanabe,2026-01-26,01:52:22,,,Asia,US30,Index,Sell,News Trading,62722.7027,,63487.76668,60756.48829,1.236717,1.178,3.027,,15.51,,,,79377.34,33.006,2.57,Disciplined,US30 reversed on higher-timeframe supply. Good loss.,synthetic,2026-01-26 01:52:22,,False
TT-000020,TR-006,K. Watanabe,2024-01-02,08:22:28,,,London,US30,Index,Sell,Mean Reversion,37700.03525,,37804.56039,37515.02575,4.511452,1.36,2.408,,34.02,,,,34159.19,2.402,1.77,Disciplined,"Plan followed, thesis invalidated. Acceptable loss, nothing to fix.",synthetic,2024-01-02 08:22:28,,False
TT-002802,TR-010,P. Silva,2024-07-03,20:08:00,,,New York,ETH,Crypto,Buy,Scalping,1184.16754,,1175.22617,1196.2384,5.055784,1.407,1.9,,5.09,,,,3157.15,75.283,1.35,Disciplined,"Plan followed, thesis invalidated. Acceptable loss, nothing to fix.",synthetic,2024-07-03 20:08:00,,False
TT-002056,TR-004,J. Okafor,2024-05-17,19:09:29,,,New York,GOLD,Commodity,Buy,Swing,2168.60248,,2137.44363,2279.83957,61.680828,1.749,6.245,,40.13,,,,116681.32,13.173,3.57,Revenge,"Jumped straight back in after the previous loss. Recovered, pure luck.",synthetic,2024-05-17 19:09:29,,False
TT-009692,TR-002,M. Chen,2026-02-25,10:03:28,,,London,EURUSD,Forex,Buy,Swing,0.78026,,0.77435,0.79997,22335.364147,0.712,2.378,,2.09,,,,18383.49,44.888,3.34,Disciplined,,synthetic,2026-02-25 10:03:28,,False
TT-001846,TR-009,E. Bauer,2024-05-02,12:30:26,,,London,GOLD,Commodity,Sell,Trend Following,2281.35871,,2303.30469,2197.74454,29.483673,2.469,9.407,,20.18,,,,25708.3,16.296,3.81,FOMO,"No setup, pure fear of missing out. Deserved loss.",synthetic,2024-05-02 12:30:26,,False
TT-007743,TR-012,T. Bergman,2025-08-06,08:29:05,,,London,NASDAQ,Index,Buy,Scalping,37808.92666,,37655.49694,37939.34193,1.036743,1.186,1.008,,8.62,,,,13211.12,74.863,0.85,Neutral,"Setup failed, stop hit as planned.",synthetic,2025-08-06 08:29:05,,False
TT-010794,TR-011,N. Haddad,2026-06-17,08:11:15,,,London,NASDAQ,Index,Buy,Scalping,42203.35927,,41978.56771,42515.81955,6.705968,1.506,2.093,,62.26,,,,102160.66,30.204,1.39,Confident,"Read the NASDAQ structure well, scaled out at target.",synthetic,2026-06-17 08:11:15,,False
TT-000361,TR-008,R. Sharma,2024-01-30,12:17:20,,,London,BTC,Crypto,Buy,Swing,37641.88337,,36594.46179,42533.34215,0.53045,0.963,4.499,,14.98,,,,57100.92,12.133,4.67,Confident,"Overconfident after a winning run, skipped confirmation.",synthetic,2024-01-30 12:17:20,,False
TT-009439,TR-004,J. Okafor,2026-01-29,09:54:58,,,London,EURUSD,Forex,Buy,News Trading,0.81931,,0.81376,0.83346,538087.329167,1.285,3.277,,52.9,,,,229324.41,18.669,2.55,Disciplined,EURUSD reversed on higher-timeframe supply. Good loss.,synthetic,2026-01-29 09:54:58,,False
TT-006935,TR-012,T. Bergman,2025-05-31,07:28:28,,,Asia,ETH,Crypto,Sell,Mean Reversion,1803.92926,,1851.3293,1730.4592,2.043868,0.883,1.369,,3.13,,,,10890.92,74.863,1.55,Anxious,Second-guessed the entry and exited into noise.,synthetic,2025-05-31 07:28:28,,False
TT-005326,TR-008,R. Sharma,2025-01-14,07:36:06,,,Asia,GOLD,Commodity,Sell,Swing,2350.55731,,2372.02917,2266.81704,47.428134,2.467,9.621,,33.44,,,,40662.78,39.977,3.9,FOMO,Chased the GOLD candle after the move was done. Immediate reversal.,synthetic,2025-01-14 07:36:06,,False
TT-009133,TR-011,N. Haddad,2025-12-29,16:01:05,,,New York,GOLD,Commodity,Sell,Breakout,3309.48342,,3327.76518,3275.66218,84.385991,1.408,2.604,,83.78,,,,107963.28,30.204,1.85,Neutral,"Choppy conditions on GOLD, no follow-through.",synthetic,2025-12-29 16:01:05,,False
TT-000358,TR-008,R. Sharma,2024-01-30,12:27:44,,,London,NASDAQ,Index,Sell,Order Block (SMC),15612.0153,,15746.28092,15264.26734,2.470328,0.559,1.447,,8.48,,,,59013.46,12.133,2.59,Disciplined,"Plan followed, thesis invalidated. Acceptable loss, nothing to fix.",synthetic,2024-01-30 12:27:44,,False
TT-009202,TR-003,S. Iyer,2026-01-06,10:44:13,,,London,ETH,Crypto,Sell,Mean Reversion,1446.81509,,1493.45081,1393.18401,1.125624,1.075,1.236,,1.38,,,,4904.84,76.332,1.15,Neutral,"Textbook execution, no emotion involved.",synthetic,2026-01-06 10:44:13,,False
TT-008568,TR-012,T. Bergman,2025-10-31,11:21:35,,,London,ETH,Crypto,Sell,Mean Reversion,1194.58043,,1219.73629,1168.92146,8.665723,2.018,2.058,,8.8,,,,10577.16,74.863,1.02,Revenge,"Revenge trade straight after a loss. Size was reckless, no setup.",synthetic,2025-10-31 11:21:35,,False
TT-008596,TR-002,M. Chen,2025-11-04,10:13:41,,,London,NASDAQ,Index,Sell,Mean Reversion,37973.96082,,38440.7117,37199.15436,0.672839,1.2,1.992,,5.62,,,,26040.05,44.888,1.66,Disciplined,NASDAQ reversed on higher-timeframe supply. Good loss.,synthetic,2025-11-04 10:13:41,,False
TT-010938,TR-002,M. Chen,2026-06-30,10:16:43,,,London,GOLD,Commodity,Buy,Trend Following,3729.49837,,3712.19669,3797.84003,19.120849,1.481,5.851,,21.39,,,,22200.22,44.888,3.95,Anxious,"Cut the position early in fear, price later reached my target.",synthetic,2026-06-30 10:16:43,,False
TT-001113,TR-012,T. Bergman,2024-03-19,07:50:35,,,Asia,BTC,Crypto,Sell,Mean Reversion,23791.49994,,24584.08347,22396.55294,0.517503,1.562,2.749,,9.23,,,,25936.14,24.305,1.76,FOMO,Chased the BTC candle after the move was done. Immediate reversal.,synthetic,2024-03-19 07:50:35,,False
TT-007661,TR-012,T. Bergman,2025-07-29,09:46:13,,,London,US30,Index,Buy,Breakout,62194.09113,,61881.35695,62841.45088,0.949697,2.185,4.522,,11.81,,,,13285.88,74.863,2.07,FOMO,Chased the US30 candle after the move was done. Immediate reversal.,synthetic,2025-07-29 09:46:13,,False
TT-008468,TR-001,A. Kapoor,2025-10-21,06:37:06,,,Asia,BTC,Crypto,Buy,Scalping,9105.39105,,9048.21802,9184.86156,15.480013,1.293,1.798,,105.71,,,,67447.99,28.476,1.39,Neutral,"Setup failed, stop hit as planned.",synthetic,2025-10-21 06:37:06,,False
TT-007759,TR-004,J. Okafor,2025-08-08,10:23:07,,,London,ETH,Crypto,Buy,Order Block (SMC),2231.0536,,2166.29404,2461.59762,50.034148,1.912,6.806,,94.88,,,,166158.5,18.669,3.56,FOMO,"No setup, pure fear of missing out. Deserved loss.",synthetic,2025-08-08 10:23:07,,False
TT-002881,TR-009,E. Bauer,2024-07-09,03:20:21,,,Asia,EURUSD,Forex,Buy,Swing,0.91909,,0.91207,0.94614,28213.912902,0.74,2.85,,3.11,,,,26570.93,20.848,3.85,,"Plan followed, thesis invalidated. Acceptable loss, nothing to fix.",synthetic,2024-07-09 03:20:21,,False
TT-009850,TR-008,R. Sharma,2026-03-13,11:54:10,,,London,BTC,Crypto,Buy,Trend Following,23859.23257,,22959.07802,25974.59577,0.27113,0.606,1.425,,4.85,,,,40152.32,64.176,2.35,Anxious,Second-guessed the entry and exited into noise.,synthetic,2026-03-13 11:54:10,,False
TT-007717,TR-003,S. Iyer,2025-08-05,08:56:21,,,London,GOLD,Commodity,Sell,Breakout,2479.48801,,2488.58077,2452.84623,17.928952,2.876,8.426,,13.34,,,,5832.56,76.332,2.93,FOMO,"Entered late without confirmation. Worked, but the process was wrong.",synthetic,2025-08-05 08:56:21,,False
TT-007870,TR-001,A. Kapoor,2025-08-18,09:58:05,,,London,ETH,Crypto,Sell,Swing,1820.94207,,1927.06303,1398.58064,6.78651,0.967,3.85,,10.5,,,,73727.8,27.584,3.98,Neutral,"Setup failed, stop hit as planned.",synthetic,2025-08-18 09:58:05,,False
TT-003025,TR-005,L. Fernandez,2024-07-17,17:14:14,,,New York,BTC,Crypto,Buy,Breakout,14746.69286,,14323.60609,16032.87665,0.107995,1.833,5.574,,1.19,,,,2629.82,78.726,3.04,Neutral,"Textbook execution, no emotion involved.",synthetic,2024-07-17 17:14:14,,False
